rank,published,id,title,link,report_type,area,score,categories,matched_queries,summary
1,2026-06-15,2606.17030,Qwen-RobotWorld Technical Report: Unifying Embodied World Modeling through Language-Conditioned Video Generation,https://arxiv.org/abs/2606.17030v2,title Technical Report,VLA/embodied world model,45,cs.CV,multimodal_training;robot_vla_training;technical_report_llm,"We introduce Qwen-RobotWorld, a language-conditioned video world model for embodied intelligence. With natural language as a unified action interface, it predicts physically grounded future visual trajectories from current observations across robotic manipulation, autonomous driving, indoor navigation, and human-to-robot transfer. This unified formulation provides three promising application directions: synthetic data generation for policy training augmentation, scalable virtual environments for policy evaluation, and language-guided planning signals for downstream robot control. This is achieved through a three-part design: a) Double-Stream MMDiT with MLLM Action Encoding, where a 60-layer double-stream diffusion transformer couples frozen Qwen2.5-VL semantics with video-VAE latents through layer-wise joint attention; b) Embodied World Knowledge (EWK), an 8.6M video-text corpus (200M+ frames) with action-language mapping over 20+ embodiments and 500+ action categories; and c) General+Expert Progressive Curriculum, a two-stage training strategy that first learns general visual priors and then injects embodied specialization under a shared language interface. Extensive results show strong competitiveness: ranks 1st overall on EWMBench and DreamGen Bench, outperforms all open-source models on WorldModelBench and PBench. Additional zero-shot analyses on RoboTwin-IF benchmark further support robust generalization and multi-view consistency."
2,2026-06-15,2606.16140,VibeThinker-3B: Exploring the Frontier of Verifiable Reasoning in Small Language Models,https://arxiv.org/abs/2606.16140v1,abstract Technical Report,small reasoning LM,38,cs.AI;cs.CL,reasoning_training;post_training_alignment;technical_report_llm,"This technical report introduces VibeThinker-3B, a compact dense model with 3B parameters developed to investigate how far verifiable reasoning can be pushed within a strictly small-model regime. Building upon the Spectrum-to-Signal post-training paradigm, we systematically enhance the model through an optimized pipeline that includes curriculum-based supervised fine-tuning, multi-domain reinforcement learning, and offline self-distillation. Experimental evaluations demonstrate that VibeThinker-3B achieves frontier-level performance on highly demanding verifiable tasks. Specifically, it attains a score of 94.3 on AIME26 (improving to 97.1 with claim-level test-time scaling), an 80.2 Pass@1 on LiveCodeBench v6, and exhibits strong out-of-distribution generalization with a 96.1\% acceptance rate on recent unseen LeetCode contests. This effectively places it in the performance band of first-tier reasoning systems, matching or exceeding flagship models that are orders of magnitude larger, such as DeepSeek V3.2, GLM-5, and Gemini 3 Pro. Furthermore, a score of 93.4 on IFEval confirms that this extreme reasoning enhancement does not compromise strict instruction controllability. Extending our previous 1.5B work, these findings motivate the Parametric Compression-Coverage Hypothesis, which views verifiable reasoning as compressible into compact reasoning cores, while open-domain knowledge and general-purpose competence require broad parameter coverage over facts, concepts, and long-tail scenarios. This perspective suggests that compact models are not merely deployment-efficient substitutes, but a complementary path toward frontier-level performance in parameter-dense capability regimes."
3,2026-06-13,2606.15079,Ling and Ring 2.6 Technical Report: Efficient and Instant Agentic Intelligence at Trillion-Parameter Scale,https://arxiv.org/abs/2606.15079v1,title Technical Report,agentic LLM/foundation model training,45,cs.CL;cs.AI,agent_training;long_context_training;technical_report_llm,"Efficient and scalable agentic intelligence requires models that can deliver both low-latency responses and strong reasoning capabilities while remaining practical to train, serve, and deploy. In this report, we present Ling-2.6 and Ring-2.6, a family of models designed to address this challenge at scale. Ling-2.6 is optimized for instant response generation and high capability per output token, whereas Ring-2.6 is tailored for deeper reasoning and more advanced agentic workflows. Instead of training from scratch, we upgrade the Ling-2.0 base model through architectural migration pre-training and large-scale post-training. This upgrade is guided by a unified co-design of model architecture, optimization objectives, serving systems, and agent training environments, enabling improvements in both model capability and deployment efficiency. At the architectural level, we introduce a hybrid linear attention design that integrates Lightning Attention with MLA, improving the efficiency of long-context training and decoding. To further enhance token efficiency, we optimize capability per output token through Evolutionary Chain-of-Thought, Linguistic Unit Policy Optimization, bidirectional preference alignment, and shortest-correct-response distillation. For agentic capabilities, we propose KPop, a reinforcement learning framework designed to support stable training of Ring-2.6-1T on large-scale environment-grounded data. KPop improves training efficiency through asynchronous scheduling across coding, search, tool use, and workflow execution, enabling scalable learning from complex agent-environment interactions. Together, Ling-2.6 and Ring-2.6 provide a practical pathway toward efficient, scalable, and open agentic systems. We open-source all checkpoints in the 2.6 family to support further research and development in practical agentic intelligence."
4,2026-06-09,2606.10651,Kwai Keye-VL-2.0 Technical Report,https://arxiv.org/abs/2606.10651v1,title Technical Report,post-training/alignment,45,cs.CV,foundation_training;moe_training;technical_report_llm,"We introduce Kwai Keye-VL-2.0-30B-A3B, an open-source Mixture-of-Experts (MoE) multimodal foundation model designed to advance long-video understanding and agentic intelligence. To address the challenges of ultra-long contexts, information redundancy, and prohibitive computational costs inherent in hour-level videos, Keye-VL-2.0 is the first to adapt DeepSeek Sparse Attention (DSA) to GQA-based multimodal architectures, enabling lossless 256K context processing while capturing critical frames and long-range temporal dependencies. This architecture is underpinned by a highly optimized training and inference infrastructure, including scalable video I/O, heterogeneous ViT-LM parallelism, and custom DSA kernels that significantly maximize throughput and minimize computational overhead. Furthermore, to overcome the algorithmic dilemma of catastrophic forgetting during multi-task alignment, we introduce Cross-Modal Multi-Teacher On-Policy Distillation (MOPD) paired with Context-RL and Video-RL. By distilling dense token-level teacher feedback from on-policy rollouts back into the MoE backbone, which activates only 3B parameters, Keye-VL-2.0 natively empowers advanced agent collaboration across Code, Tool, and Search scenarios with multimodal self-correction. Extensive evaluations across video understanding, temporal grounding, reasoning, STEM, and agent benchmarks demonstrate that Keye-VL-2.0-30B-A3B achieves state-of-the-art performance among models of similar scale, particularly excelling in fine-grained temporal localization on TimeLens and long-video comprehension on Video-MME-v2 and LongVideoBench. We release our model checkpoints to accelerate community progress toward scalable and robust multimodal agentic applications."
5,2026-06-05,2606.07383,RhinoVLA Technical Report,https://arxiv.org/abs/2606.07383v1,title Technical Report,pretraining/data,37,cs.RO;cs.LG,multimodal_training;optimizer_training;technical_report_llm,"Vision-Language-Action (VLA) models have shown strong potential for robotic manipulation, but real-time deployment on edge hardware remains challenging. In this work, we identify VLM visual and context tokens as a major source of deployment latency: for GEMM-dominated projection operators, computation grows linearly with the number of input tokens when model dimensions are fixed. Motivated by this observation, we propose RhinoVLA, a deployment-oriented VLA model co-designed with the Huixi R1 edge SoC. RhinoVLA adopts a token-efficient Qwen3-VL backbone and a continuous Action Expert, reducing the VLM-side token and computation burden while preserving pretrained multimodal capability. To support cross-robot learning, RhinoVLA further introduces a unified interface that combines View Registry, 72D physical state-action slot space, and robotinstance LoRA, allowing heterogeneous robot observations and action schemas to be aligned under a shared policy. On the deployment side, RhinoVLA is optimized through hardware-aware compilation, mixed-precision execution, and parallel visual encoding. Experiments show that RhinoVLA achieves downstream performance comparable to π0.5 at a similar parameter scale, while reaching 11.69 Hz end-to-end inference on Huixi R1, meeting the 10 Hz real-time closedloop control target. The project will be open-sourced at https://github.com/HuixiAI/RhinoVLA."
6,2026-06-05,2606.07080,dots.tts Technical Report,https://arxiv.org/abs/2606.07080v1,title Technical Report,post-training/alignment,31,cs.SD;cs.AI;eess.AS,audio_speech_training;foundation_training;technical_report_llm,"We present dots.tts, a 2B-parameter continuous autoregressive text-to-speech (TTS) foundation model that models speech in a continuous latent space. Compared with existing continuous autoregressive models, our key innovations are threefold. First, we train an AudioVAE with multiple objectives to build a semantically structured and prediction-friendly continuous speech space. Second, we use full-history conditioning in the flow-matching head to preserve long-range consistency and reduce drift during generation. Third, we apply reward-free self-corrective post-training to the flow-matching head to further improve robustness and acoustic quality. After being trained on a large-scale multilingual corpus, dots.tts achieves the best average performance on Seed-TTS-Eval, with WERs of 0.94%/1.30%/6.60% and SIM scores of 81.0/77.1/79.5 on the zh/en/zh-hard test sets, respectively. Across other benchmarks, dots.tts also consistently demonstrates open-source state-of-the-art performance, exhibiting strong generation stability, voice cloning ability, and emotional expressiveness. For efficient inference, we further apply CFG-aware MeanFlow distillation, enabling low-latency speech generation with first-packet latencies of 85/54 ms in output streaming and dual-streaming modes, respectively. To facilitate reproducible research and practical deployment, we release the training and inference code, together with the pretrained, post-trained, and MeanFlow-distilled checkpoints, under the Apache 2.0 license."
7,2026-06-05,2606.06928,VoxCPM2 Technical Report,https://arxiv.org/abs/2606.06928v1,title Technical Report,post-training/alignment,27,cs.SD;eess.AS,audio_speech_training;foundation_training;technical_report_llm,"We present VoxCPM2, a https://info.arxiv.org/help/prep#abstractsfully open-source multilingual and controllable speech generation foundation model that extends the hierarchical diffusion-autoregressive modeling paradigm of VoxCPM. VoxCPM2 advances the framework in three key dimensions: (i) capability, by unifying 30 languages, 9 Chinese dialects, natural-language voice design, style-controllable voice cloning, and high-fidelity continuation cloning within a single backbone; (ii) quality, through an asymmetric AudioVAE that encodes at 16 kHz and reconstructs at 48 kHz, enabling implicit super-resolution with high encoding efficiency; and (iii) scale, by jointly scaling the model to 2B parameters and the training data to over 2 million hours of multilingual speech. To support these diverse capabilities within one model, we introduce a unified sequence organization that expresses all generation modes through different arrangements of the same input building blocks, allowing joint training under a single set of parameters and objective. VoxCPM2 achieves state-of-the-art or competitive performance on public zero-shot and instruction-following TTS benchmarks. On our internal 30-language evaluation set, it attains an average WER of 1.68%. These results demonstrate that hierarchical continuous-latent modeling, without relying on any external discrete speech tokenizer, offers a viable and powerful foundation for large-scale multilingual and controllable speech generation. The model weights, fine-tuning code, and inference tools are publicly released under the Apache 2.0 license to foster community research and development."
8,2026-06-04,2606.06260,OneReason Technical Report,https://arxiv.org/abs/2606.06260v1,title Technical Report,pretraining/data,26,cs.IR;cs.AI;cs.CL,reasoning_training;technical_report_llm,"Generative recommendation models in the OneRec family have been widely deployed in many real-world services, such as short-video, live-streaming, advertising, and e-commerce. However, these generative models can only benefit from the scaling advantage, while their reasoning ability is hard to activate, since we cannot construct meaningful Chain-of-Thought (CoT) sequences consisting of itemic tokens only. Inspired by the success of the reasoning-style ``think before answer'' paradigm in the LLM field, we conduct preliminary studies (i.e., OneRec-Think, OpenOneRec) to explore reasoning capability in generative recommendation. Nevertheless, we notice an unexpected phenomenon: the thinking mode does not show advantages over the non-thinking mode. Drawing insights from recent findings on CoT robustness in multi-modal language models, we argue that effective reasoning in recommendation rests on two factors: perception, the ability to ground itemic tokens in their underlying language semantics, and cognition, the ability to reorganize a user's behavior sequence into coherent latent interest points. We therefore propose OneReason, which includes: (1) strong itemic token perception in pre-training, (2) a three-level cognition-enhanced CoT format for recommendation tasks in SFT, and (3) a specialize-then-unify training recipe in RL to enhance the thinking ability."
9,2026-06-01,2606.02400,SoulX-Transcriber: A Robust End-to-End Framework for Multi-Speaker Speech Transcription,https://arxiv.org/abs/2606.02400v2,abstract Technical Report,post-training/alignment,26,eess.AS,audio_speech_training;technical_report_llm,"Recent advances in Automatic Speech Recognition (ASR) and Large Language Models (LLMs) have significantly improved speech understanding capabilities. However, multi-speaker speech transcription remains challenging task, constrained by highly similar speaker voices, rapid turn-taking transitions, overlapping utterances and inaccurate speaker boundary segmentation. These challenges become particularly pronounced in real-world conversational audio, where speaker dynamics and acoustic conditions are highly variable. This technical report presents SoulX-Transcriber, a unified multi-speaker transcription system that jointly models speaker diarization (SD) and ASR within an LLM-based framework. SoulX-Transcriber adopts a two-stage training strategy to improve both speaker discrimination and transcription robustness. In the first stage, speaker-aware multi-task continuous pre-training enhances speaker representation learning and boundary perception. In the second stage, supervised fine-tuning further optimizes the model for accurate end-to-end speaker-attributed transcription under complex multi-speaker conditions. SoulX-Transcriber delivers strong performance and robustness across multiple public benchmarks, including AliMeeting, AISHELL-4, and AMI, while maintaining high adaptability to multi-domain scenarios."
10,2026-06-01,2606.01802,MOSS-Audio Technical Report,https://arxiv.org/abs/2606.01802v3,title Technical Report,post-training/alignment,35,cs.SD;cs.AI,agent_training;audio_speech_training;technical_report_llm,"MOSS-Audio is a unified audio-language model for speech, environmental sound, and music understanding, supporting audio captioning, time-aware question answering, timestamped transcription, and audio-grounded reasoning. MOSS-Audio couples a dedicated audio encoder with a modality adapter and a large language model: the encoder produces 12.5 Hz temporal representations, the adapter projects them into the decoder space, and the decoder generates autoregressive text outputs. Two design choices are central to the system: DeepStack cross-layer feature injection, which exposes the decoder to acoustic information from multiple encoder depths, and time markers, which provide explicit temporal cues by inserting timestamp markers into the audio-token stream. At the data level, we design an event-preserving audio annotation pipeline that segments raw audio at coherent event boundaries, applies branch-specific annotation to speech, music, and general audio, and merges the results into unified captions for pretraining. The intermediate branch-specific captions are further retained to support the construction of task-oriented SFT data. The model is pretrained on large-scale audio-language data, with time-aware objectives incorporated to support temporal grounding, and then undergoes multi-stage post-training to enhance instruction following and audio-grounded reasoning. We release 4B and 8B variants in both Instruct and Thinking configurations. MOSS-Audio achieves strong performance across general audio understanding, speech captioning, ASR, and timestamped ASR, positioning it as a promising understanding foundation for future voice agents."
11,2026-05-29,2606.00390,Zamba2-VL Technical Report,https://arxiv.org/abs/2606.00390v1,title Technical Report,multimodal/VLM training,39,cs.CV;cs.AI,multimodal_training;technical_report_llm,"We present Zamba2-VL, a suite of vision-language models built on Zamba2, a hybrid language-model architecture combining Mamba2 state-space layers with a small number of shared transformer blocks. Across a broad range of image understanding, reasoning, OCR, grounding, and counting benchmarks, Zamba2-VL is competitive with leading Transformer-based open-weight VLMs of comparable scale, including the Molmo2, Qwen3-VL, and InternVL3.5 families, and substantially outperforms prior SSM-based and hybrid VLMs such as VL-Mamba, Cobra, and mmMamba. Inheriting the near-linear prefill compute and small, near-constant recurrent state of its Zamba2 backbone, Zamba2-VL delivers roughly an order of magnitude lower time-to-first-token (TTFT) than these Transformer baselines at matched parameter scale, with the efficiency gap most pronounced at the smaller 1.2B and 2.7B scales most relevant to on-device and edge deployment. We release three models -- 1.2B, 2.7B, and 7B -- together with inference code at https://huggingface.co/collections/Zyphra/zamba2-vl."
12,2026-05-29,2605.31268,Mellum2 Technical Report,https://arxiv.org/abs/2605.31268v1,title Technical Report,post-training/alignment,44,cs.CL,agent_training;long_context_training;moe_training;technical_report_llm,"We present Mellum 2, an open-weight 12B-parameter Mixture-of-Experts (MoE) language model with 2.5B active parameters per token. Mellum 2 is a general-purpose language model specialized in software engineering, spanning code generation and editing, debugging, multi-step reasoning, tool use and function calling, agentic coding, and conversational programming assistance, and it is the successor to the completion-focused 4B dense Mellum model. The architecture builds on the Mixture-of-Experts (64 experts, 8 active) and combines Grouped-Query Attention with 4 KV heads, Sliding Window Attention on three of every four layers, and a single Multi-Token Prediction head that doubles as both an auxiliary pre-training objective and a built-in draft model for speculative decoding; each choice was validated by ablation with inference efficiency on commodity GPUs as a design constraint. Pre-training spans approximately 10.6 trillion tokens through a three-phase curriculum that progressively shifts the mixture from diverse web data toward curated code and mathematical content, optimized with Muon under FP8 hybrid precision and a Warmup-Hold-Decay schedule with linear decay to zero. The pre-trained base is extended to a 128K context window via a layer-selective YaRN and then post-trained in two stages (supervised fine-tuning followed by RLVR), yielding two released variants: an Instruct model that answers directly and a Thinking model that emits an explicit reasoning trace before its final answer. Across code generation, math and reasoning, tool use, knowledge, and safety benchmarks, Mellum 2 is competitive with open-weight baselines in the 4B-14B range while running at the per-token compute of a 2.5B dense model. We release the base, instruct, and thinking checkpoints, together with this report on the architecture decisions, data pipeline, and training recipe behind them, under the Apache 2.0 license."
13,2026-05-29,2605.30877,Wall-OSS-0.5 Technical Report,https://arxiv.org/abs/2605.30877v2,title Technical Report,post-training/alignment,39,cs.RO,multimodal_training;technical_report_llm,"Large-scale Vision-Language-Action (VLA) pretraining is increasingly adopted as the foundation for robot policies, yet the evidence for pretrained VLAs is almost invariably reported after task-specific fine-tuning. This leaves a foundational question unanswered: does VLA pretraining itself yield executable robot behavior, or does it merely furnish a better initialization for downstream policy learning? We present Wall-OSS-0.5, an open-source 4B VLA built upon a 3B VLM backbone augmented with action-generation components, designed so that pretrained robotic capability is directly measurable on physical hardware. The model is pretrained across more than 20 embodiments, processing over one million robot trajectories per epoch alongside a grounded multimodal corpus. We adopt a gradient-bridged co-training recipe in which three objectives play distinct and complementary roles: discrete action prediction routes strong VLM-native gradients into the backbone, multimodal prediction preserves grounded vision-language understanding, and continuous flow matching serves as the deployment-time action interface. Before task-specific fine-tuning, the pretrained checkpoint achieves non-trivial zero-shot real-robot behavior, completing several tasks, including a held-out deformable manipulation task, at high task progress on a 17-task suite. After fine-tuning, the same checkpoint serves as a stronger adaptation prior, reaching 60.5% average task progress on 15 real-robot tasks and outperforming π_0.5 by 17.5%. Multimodal evaluations further confirm that action training does not erode grounded vision-language competence: the model preserves broad vision-language ability while strengthening embodied grounding. Together, these results reposition VLA pretraining from an initialization strategy to a directly testable, already useful source of robot capability."
14,2026-05-27,2605.27978,ABot-OCR Technical Report,https://arxiv.org/abs/2605.27978v1,title Technical Report,post-training/alignment,26,cs.CV,technical_report_llm,"We introduce ABot-OCR, an end-to-end vision-language model that transcribes a page image directly into clean Markdown in a single forward pass. By doing so, our approach completely eliminates the need for brittle modular orchestration. To maximize parsing fidelity, we develop a dedicated data engine to provide large-scale, structurally consistent supervision. Furthermore, we propose Decoupled Heterogeneous Document Optimization, a structure-constrained reinforcement learning method that sharpens textual accuracy and strictly enforces markup well-formedness beyond supervised fine-tuning alone. Extensive evaluations demonstrate the superior performance of our framework. On the OmniDocBench v1.5 and v1.6 benchmarks, ABot-OCR achieves state-of-the-art scores of 92.81 and 93.30 among all end-to-end systems, substantially narrowing the performance gap relative to strong pipeline baselines. Finally, comprehensive multilingual text recognition across ten diverse languages further confirms the robust generalizability of ABot-OCR."
15,2026-05-26,2605.27605,Laguna M.1/XS.2 Technical Report,https://arxiv.org/abs/2605.27605v1,title Technical Report,post-training/alignment,39,cs.AI;cs.SE,technical_report_llm,"We present Laguna M.1 and Laguna XS.2, two Mixture-of-Experts foundation models built for long-horizon, agentic coding: M.1 has $225.8$B total parameters ($23.4$B activated per token) and XS.2 has $33.4$B total ($3$B activated). Both models were trained from scratch end-to-end inside the same internal system that we refer to as our Model Factory: a tightly-integrated stack of versioned data, training, evaluation, and inference components that turn model development into an industrial process. We describe the principles and design choices of the Model Factory and also detail the end-to-end training process of our models, throughout pre-training data and architecture, post-training stages, evaluation, and quantization. On agentic software engineering and terminal benchmarks (SWE-bench Verified, SWE-bench Multilingual, SWE-Bench Pro, and Terminal-Bench 2.0) M.1 and XS.2 are competitive with state-of-the-art open models in their respective weight classes. Laguna XS.2 weights are released under Apache~2.0 at https://huggingface.co/collections/poolside/laguna-xs2."
16,2026-05-26,2605.26486,LongCat-Video-Avatar 1.5 Technical Report,https://arxiv.org/abs/2605.26486v1,title Technical Report,video generation,36,cs.CV,video_generation_training;technical_report_llm,"Despite advances in audio-driven video generation, achieving commercial-grade stability remains challenging. We present LongCat-Video-Avatar 1.5, an upgraded open-source framework prioritizing systematic engineering and production-readiness over architectural novelty. By upgrading the audio encoder to Whisper Large and meticulously scaling our training recipes, v1.5 achieves accurate lip-synchronization, full-body temporal stability, and robust long-video generation with strict identity consistency. Through rigorous data curation and RLHF Training, the model readily generalizes to stylized domains such as anime and animals, and natively handles complex real-world conditions, such as multi-person interactions and object handling. Furthermore, addressing the practical demands of industrial deployment, we employ advanced step distillation to accelerate inference to an optimal 8 NFE, achieving a favorable trade-off between serving efficiency and visual fidelity. The superiority of our approach is validated through extensive quantitative metrics and a rigorous human evaluation conducted on a comprehensive benchmark of over 500 diverse test cases. Results show that v1.5 achieves competitive or superior performance compared to leading closed-source systems (e.g., HeyGen, OmniHuman 1.5, Kling Avatar 2.0) across human-likeness ratings and expert-level quality assessments on our benchmark. With its open-source release, LongCat-Video-Avatar 1.5 narrows the gap between academic research prototypes and commercial-grade deployment."
17,2026-05-25,2605.25676,Llamion Technical Report,https://arxiv.org/abs/2605.25676v1,title Technical Report,LLM/foundation model training,26,cs.CL,distillation_training;technical_report_llm,"We release Llamion, a family of 14B-parameter open-weight language models obtained by transforming Orion-14B into the standardized Llama-family architecture. The transformation is performed by Efficient Knowledge Preservation for Transformation (KEPT), a recipe that combines (i) Normal Parameter Mapping (NPM) for unchanged modules, (ii) Optimized Parameter Mapping (OPM), a training-free LayerNorm-to-RMSNorm initialization we prove optimal under the near-zero-mean activation regime induced by weight decay, and (iii) Cross-architecture Knowledge Distillation (XKD), an equal-size frozen-teacher distillation that aligns the converted model's outputs with the source model's on any reasonable input distribution. Llamion recovers Orion's behaviour on H6, MT-Bench, and KoMMLU with only ~123M tokens on a single A100 in four days; Llamion-Base reaches 66.87% on KoMMLU, exceeding the next-best entry of the Open Ko LLM Leaderboard by >7.0 absolute points at submission time. Capabilities entirely absent from the transfer corpus (Python programming and 200K-token context handling) survive the architectural transition intact. We release three checkpoints (Base, Chat, LongChat) that load with trust_remote_code=False in the Hugging Face Transformers library."
18,2026-05-25,2605.25347,ERNIE-Image Technical Report,https://arxiv.org/abs/2605.25347v1,title Technical Report,image generation,37,cs.CV;cs.LG,text_to_image_training;technical_report_llm,"We introduce ERNIE-Image, an open-source text-to-image generation model built upon an 8B single-stream DiT architecture. ERNIE-Image aims to bridge the gap between current open-source models and leading closed-source systems through more effective mining of large-scale pre-training data and improved supervision quality throughout training. During pre-training, we adopt a bottom-up data construction pipeline that combines fine-grained image categorization, rich caption annotation, aesthetic assessment, and hierarchical sampling. This strategy reduces data noise while preserving long-tail concepts and detailed real-world knowledge, providing a stronger foundation for complex generation tasks. In the post-training stage, we use a top-down data construction pipeline for high-demand scenarios, diversify prompt annotations to better match real user inputs, and apply a stabilized DPO strategy to align the model with human aesthetic preferences. We further train ERNIE-Image-Turbo for efficient 8-NFE generation and propose MT-DMD to mitigate capability drift during distillation. To make the model easier to use in practical scenarios, we equip it with a lightweight Prompt Enhancer that expands concise user intents into structured visual descriptions. In addition, we develop ERNIE-Image-Aes, an industrial-grade aesthetic model, together with ERNIE-Image-Aes-1K, a human-annotated benchmark for realistic aesthetic evaluation. Extensive qualitative and quantitative experiments show that ERNIE-Image achieves leading performance among open-source models and approaches top-tier commercial models in instruction following, text rendering, and aesthetic quality. We release the trained models and aesthetic resources to facilitate further academic research and technical progress in the AIGC community."
19,2026-05-22,2605.23859,Natural Yet Challenging to Detect: Robust In-the-Wild TTS through EMA and Dual-Scoring Prompt Selection -- Submission for WildSpoof 2026 TTS Track,https://arxiv.org/abs/2605.23859v1,abstract Technical Report,post-training/alignment,28,eess.AS,audio_speech_training;technical_report_llm,"In this technical report, we describe our submission for the WildSpoof Challenge TTS Track: Text-to-Speech with In-the-Wild Data. We introduce F5-TTS-DPS, a model built upon the F5-TTS architecture. Our approach integrates Exponential Moving Average (EMA) into supervised fine-tuning to stabilize training and improve generalization. To enhance synthesis fidelity, we leverage large language models (LLMs) and large audio language models (LALMs) for dual-scoring prompt selection, filtering reference audio and text prompts to ensure quality while addressing alignment issues in noisy datasets. Experimental evaluation demonstrates that F5-TTS-DPS achieves strong performance with UTMOS of 3.20 and speaker similarity of 0.51 on the development set. More importantly, our model achieves the best a-DCF scores of 0.1582, 0.5233, and 0.2562 across three advanced SASV systems among all submissions, indicating our synthesized speech is the most difficult to detect and exhibits the highest degree of naturalness and authenticity. Combined with competitive WER performance, these results validate the effectiveness of our approach in generating natural-sounding speech with strong spoofing capabilities."
20,2026-05-22,2605.23463,StepAudio 2.5 Technical Report,https://arxiv.org/abs/2605.23463v1,title Technical Report,post-training/alignment,43,eess.AS,audio_speech_training;technical_report_llm,"Unified audio-language modeling has emerged as a prominent trend in modern speech systems, promising to bring the reasoning capabilities of large language models to auditory tasks. However, existing unified foundations often struggle to match the depth of specialized systems across automatic speech recognition (ASR), text-to-speech synthesis (TTS), and realtime spoken interaction. Bridging this gap remains an open challenge. This report presents StepAudio 2.5, a unified audio-language foundation model that matches or exceeds specialized systems across all three capabilities. Rather than treating these tasks as architecturally distinct, we operate on the premise that once text and audio share a multimodal representational space, task specialization becomes a matter of operational regimes: data construction, optimization targets, and decoding constraints. Guided by this insight, we advance the post-training paradigm from standard supervised learning to task-tailored Reinforcement Learning from Human Feedback (RLHF), using it as the primary mechanism to define complex optimization targets. We leverage this RLHF-centric alignment, alongside specialized decoding, to shape a shared backbone into three distinct operational modes. Concretely, the ASR branch advances transcription efficiency via verifiable multi-token decoding; the TTS branch achieves controllable, expressive synthesis through preference-based RLHF and context-rich supervision; and the Realtime branch realizes low-latency, persona-consistent dialogue via generative reward modeling within an RLHF framework. On standard benchmarks, StepAudio 2.5 achieves state-of-the-art results across ASR, TTS, and Realtime, demonstrating that a singular audio-language foundation can successfully internalize the distinct deployment objectives of speech understanding, generation, and live interaction."
21,2026-05-14,2605.15336,HoloMotion-1 Technical Report,https://arxiv.org/abs/2605.15336v2,title Technical Report,post-training/alignment,28,cs.RO;cs.AI,robot_vla_training;technical_report_llm,"In this report, we present HoloMotion-1, a humanoid motion foundation model for zero-shot whole-body motion tracking. A key innovation of HoloMotion-1 is to scale control-policy training with a large-scale hybrid motion corpus, where video-reconstructed motions from in-the-wild videos provide the dominant source of motion diversity, while curated motion-capture and in-house motion data provide higher-fidelity supervision and deployment-oriented coverage. This data regime enables HoloMotion-1 to move beyond conventional MoCap-only training and exposes the policy to substantially broader behaviors, capture conditions, and motion styles. Learning from such heterogeneous data introduces new challenges, including reconstruction noise, source-domain mismatch, uneven motion quality, and the need for temporal modeling under large behavioral variation. To address these challenges, HoloMotion-1 integrates large-capacity temporal modeling, a sparsely activated Mixture-of-Experts Transformer with KV-cache inference for real-time control, and a sequence-level training strategy that improves learning efficiency on extended motion sequences. Extensive experiments on multiple unseen motion benchmarks show that HoloMotion-1 generalizes robustly across diverse motion types and capture conditions, significantly improves tracking accuracy over prior methods, and transfers directly to a real humanoid robot without task-specific fine-tuning."
22,2026-05-14,2605.15298,PhysBrain 1.0 Technical Report,https://arxiv.org/abs/2605.15298v1,title Technical Report,VLA/embodied training,31,cs.RO;cs.AI;cs.CL;cs.CV,technical_report_llm,"Vision-language-action models have advanced rapidly, but robot trajectories alone provide limited coverage for learning broad physical understanding. PhysBrain 1.0 studies a complementary route: converting large-scale human egocentric video into structured physical commonsense supervision before robot adaptation. Our data engine extracts scene elements, spatial dynamics, action execution, and depth-aware relations, then turns them into question-answer supervision for training PhysBrain VLMs. The resulting physical priors are further transferred to VLA policies through a capability-preserving and language-sensitive adaptation design. Across multimodal QA benchmarks and embodied control benchmarks, including ERQA, PhysBench, SimplerEnv-WidowX, LIBERO, and RoboCasa, PhysBrain 1.0 achieves SOTA results and shows especially strong out-of-domain performance on SimplerEnv. These results suggest that scaling physical commonsense from human interaction video can provide an effective bridge from multimodal understanding to robot action."
23,2026-05-13,2605.13986,TabPFN-3: Technical Report,https://arxiv.org/abs/2605.13986v2,title Technical Report,pretraining/data,28,cs.LG;stat.ML,technical_report_llm,"Tabular data underpins most high-value prediction problems in science and industry, and TabPFN has driven the foundation model revolution for this modality. Designed with feedback from our users, TabPFN-3 builds on this foundation to scale state-of-the-art performance to datasets with 1M training rows and substantially reduce training and inference time. Pretrained exclusively on synthetic data from our prior, TabPFN-3 dramatically pushes the frontier of tabular prediction and brings substantial gains on time series, relational, and tabular-text data. On the standard tabular benchmark TabArena, a forward pass of TabPFN-3 outperforms all other models, including tuned and ensembled baselines, by a significant margin, and pareto-dominates the speed/performance frontier. On more diverse datasets, TabPFN-3 ranks first on datasets with many classes, and beats 8-hour-tuned gradient-boosted-tree baselines on datasets up to 1M training rows and 200 features. TabPFN-3 introduces test-time compute scaling to tabular foundation models. Our API offering TabPFN-3-Plus (Thinking) exploits this to beat all non-TabPFN models by over 200 Elo on TabArena, rising to 420 Elo on the largest data subset, and outperforms AutoGluon 1.5 extreme while being 10x faster, without using LLMs, real data, internet search or any other model besides TabPFN. TabPFN-3 extends the capabilities of our models, enabling SOTA prediction on relational data (new SOTA foundation model on RelBenchV1) and tabular-text data (SOTA on TabSTAR via TabPFN-3-Plus); and improves existing integrations: a specialized checkpoint, TabPFN-TS-3, ranks 2nd on the time-series benchmark fev-bench, and SHAP-value computation is up to 120x faster. TabPFN-3 achieves this performance while being up to 20x faster than TabPFN-2.5. In addition, a reduced KV cache and row-chunking scale to 1M rows on one H100 with fast inference speed."
24,2026-05-11,2605.10391,Phoenix-VL 1.5 Medium Technical Report,https://arxiv.org/abs/2605.10391v1,title Technical Report,post-training/alignment,38,cs.CL;cs.AI;cs.CV,technical_report_llm,"We introduce Phoenix-VL 1.5 Medium, a 123B-parameter natively multimodal and multilingual foundation model, adapted to regional languages and the Singapore context. Developed as a sovereign AI asset, it demonstrates that deep domain adaptation can be achieved with minimal degradation to broad-spectrum intelligence and alignment. Continued pretraining was performed on Mistral Medium 3.1 using a localized 1-trillion tokens multimodal corpus, followed by a 250-billion tokens long-context extension phase. Subsequent post-training incorporated a novel human-annotated Singapore multimodal dataset and curated textual corpus on Singapore culture, knowledge, and legislation, totaling 22-billion tokens. An additional 5 billion tokens of model alignment was performed through Online Direct Preference Optimization. Phoenix-VL 1.5 Medium achieves state-of-the-art performance for its size on Singapore multimodal, legal, and government policy benchmarks while remaining globally competitive on general multimodal intelligence, multilingual, and STEM benchmarks. We also introduce a novel evaluation suite encompassing localized knowledge benchmarks and an institutionally aligned model behavior and safety framework. We report the data curation principles, training methodology, and highlight benchmark and inference performance."
25,2026-05-09,2605.08766,UserGPT Technical Report,https://arxiv.org/abs/2605.08766v1,title Technical Report,post-training/alignment,37,cs.IR;cs.CL,technical_report_llm,"Personalized user understanding from large-scale digital traces remains a fundamental challenge. Traditional user profiling methods rely on discriminative models and manual feature engineering to predict discrete attributes, often producing fragmented and logically inconsistent profiles that generalize poorly to long-tail behaviors. In this work, we study a generative paradigm in which large language models (LLMs) summarize long and noisy behavioral histories into coherent narratives that capture nuanced user evolution. Our experiments show that even strong LLMs remain limited in complex and implicit personalization reasoning. We propose UserGPT, a framework for improving LLM-based persona understanding through both attribute generation and summary generation. To address the scarcity of real-world behavioral data, we develop a User Behavior Simulation Engine that produces realistic and complex user trajectories. We further introduce a Data-Centric Semantization module that transforms heterogeneous behavioral logs into structured and semantically coherent inputs, reducing noise and sparsity. On top of this pipeline, we design a curriculum-driven post-training strategy that combines multi-stage Supervised Fine-Tuning (SFT) with Dual-Filter Group Relative Policy Optimization (DF-GRPO) to strengthen reasoning over long behavioral histories. We also construct HPR-Bench, a benchmark for holistic persona reasoning derived from simulated data. On HPR-Bench, UserGPT achieves an Avg@10 score of 0.7325 on tag prediction and an $Acc_{Ex}$ score of 0.7528 on summary generation, while compressing behavioral records by up to 97.9% with critical information preserved. These results demonstrate the effectiveness of UserGPT for holistic persona reasoning and personalized user-agent interaction."
26,2026-05-08,2605.08560,ZAYA1-VL-8B Technical Report,https://arxiv.org/abs/2605.08560v1,title Technical Report,multimodal/VLM training,39,cs.CV;cs.AI,moe_training;technical_report_llm,"We present ZAYA1-VL-8B, a compact mixture-of-experts vision-language model built upon our in-house language model, ZAYA1-8B. Despite its compact size, ZAYA1-VL achieves performance competitive with leading base models such as Molmo2-4B and InternVL3.5-4B, while surpassing models including Qwen2.5-VL-3B, PLM-3B, and MolmoE-1B across a range of image understanding, reasoning, and counting benchmarks. The architecture incorporates two key innovations: (1) vision-specific LoRA adapters integrated into the LLM to increase modality-specific capacity without increasing the number of experts, and (2) bidirectional attention over image tokens within the LLM to enhance visual understanding. We detail the full training pipeline including data composition at each stage, sequence packing, and the attention masking scheme. The model comprises 9.2B total parameters, with 1.4B active parameters including the vision encoder, and is publicly available at https://huggingface.co/Zyphra/ZAYA1-VL."
27,2026-05-05,2605.03937,MiniMind-O Technical Report: An Open Small-Scale Speech-Native Omni Model,https://arxiv.org/abs/2605.03937v1,title Technical Report,pretraining/data,33,cs.SD;cs.MM;eess.AS,audio_speech_training;moe_training;technical_report_llm,"MiniMind-O is an open 0.1B-scale omni model built on the MiniMind language model. It accepts text, speech, and image inputs, and returns both text and streaming speech. The release includes model code, checkpoints, and the main Parquet training datasets for text-to-audio, image-to-text, and audio-to-audio training, making the complete interaction loop directly inspectable. The model uses a full MiniMind backbone as the Thinker and an independent four-layer Talker made from MiniMind blocks. Frozen SenseVoice-Small and SigLIP2 encoders provide speech and image features, which are mapped by lightweight MLP projectors and injected at modality-placeholder positions. The Talker reads a middle-layer Thinker state together with an autoregressive eight-layer Mimi-code buffer. Speaker control is handled by a dedicated speaker token, right-aligned reference codec prompts, and precomputed CAM++ speaker embeddings, so voice conditioning remains part of the audio-code context rather than a separate TTS module. With a 768-dimensional Talker, the dense and MoE variants reach average CERs of 0.0897 and 0.0900 in Thinker--Talker consistency evaluation, with overall voice-cloning similarities of 0.5995 and 0.5937. Beyond reporting a working system, the paper identifies three scale-critical design choices for small omni models: middle-layer semantic bridging, a released multimodal sequence format, and a parameter-efficient eight-codebook interface."
28,2026-05-05,2605.03269,RLDX-1 Technical Report,https://arxiv.org/abs/2605.03269v2,title Technical Report,VLA/embodied training,30,cs.RO;cs.AI;cs.LG,robot_vla_training;technical_report_llm,"While Vision-Language-Action models (VLAs) have shown remarkable progress toward human-like generalist robotic policies through the versatile intelligence (i.e. broad scene understanding and language-conditioned generalization) inherited from pre-trained Vision-Language Models, they still struggle with complex real-world tasks requiring broader functional capabilities (e.g. motion awareness, long-term memory, and physical sensing). To address this, we introduce RLDX-1, a general-purpose robotic policy for dexterous manipulation built on the Multi-Stream Action Transformer (MSAT), an architecture that unifies these capabilities by integrating heterogeneous modalities through modality-specific streams with cross-modal joint self-attention. RLDX-1 further combines this architecture with system-level design choices, including data synthesis for rare manipulation scenarios, learning procedures specialized for human-like manipulation, and inference optimizations for real-time deployment. Through empirical evaluation, we show that RLDX-1 consistently outperforms recent frontier VLAs (e.g. $π_{0.5}$ and GR00T N1.6) across both simulation benchmarks and real-world tasks that require broad functional capabilities beyond general versatility. In particular, RLDX-1 shows superiority in ALLEX humanoid tasks by achieving success rates of 86.8% while $π_{0.5}$ and GR00T N1.6 achieve around 40%, highlighting the ability of RLDX-1 to control a high-DoF humanoid robot under diverse functional demands. Together, these results position RLDX-1 as a promising step toward reliable VLAs for complex, contact-rich, and dynamic real-world dexterous manipulation."
29,2026-05-04,2605.08158,HY-Himmel Technical Report: Hierarchical Interleaved Multi-stream Motion Encoding for Long Video Understanding,https://arxiv.org/abs/2605.08158v1,title Technical Report,post-training/alignment,27,cs.CV;cs.AI,technical_report_llm,"Long-video understanding with multimodal language models suffers from three compounding bottlenecks: heavy decode cost to obtain dense RGB frames, quadratic token growth with frame count, and weak motion perception under sparse keyframe sampling. We present HY-Himmel, a hierarchical video-language framework that allocates semantic and motion capacity separately. A small set of sparse anchor I-frames is routed to the expensive host ViT to ground object identity and scene layout, while the far denser inter-frame intervals are encoded by a lightweight compressed-domain tri-stream adapter that distils motion evidence from motion-vector maps, residual maps, and I-frame context into aligned motion tokens. These tokens are injected into the LLM via a differentiable placeholder mechanism after a dedicated Stage-1 contrastive alignment that places the motion representation in a geometry compatible with the frozen visual backbone. On Video-MME, HY-Himmel surpasses the dense 32-frame baseline by +2.3 pp (61.2 to 63.5%) while using 3.6x fewer context tokens. Extensive ablations over stream composition, motion encoder family, fusion mode, alignment objective, anchor count, LoRA rank, and video duration confirm that the full tri-stream is necessary and sufficient for the observed gains."
30,2026-04-30,2605.00140,Technical Report: Activation Residual Hessian Quantization (ARHQ) for Low-Bit LLM Quantization,https://arxiv.org/abs/2605.00140v1,title Technical Report,post-training/alignment,27,cs.LG;cs.CL;cs.CV,technical_report_llm,"We present Activation Residual Hessian Quantization (ARHQ), a post-training weight splitting method designed to mitigate error propagation in low-bit activation-weight quantization. By constructing an input-side residual Hessian from activation quantization residuals (G_x), ARHQ analytically identifies and isolates error-sensitive weight directions into a high-precision low-rank branch. This is achieved via a closed-form truncated SVD on the scaled weight matrix W G^{1/2}_x . Experimental results on Qwen3-4B-Thinking-2507 demonstrate that ARHQ significantly improves layer-wise SNR and preserves downstream reasoning performance on ZebraLogic even under aggressive quantization. The code is available at https://github.com/BeautMoonQ/ARHQ."
31,2026-04-30,2605.00072,XekRung Technical Report,https://arxiv.org/abs/2605.00072v1,title Technical Report,post-training/alignment,32,cs.CR;cs.AI,technical_report_llm,"We present XekRung, a frontier large language model for cybersecurity, designed to provide comprehensive security capabilities. To achieve this, we develop diverse data synthesis pipelines tailored to the cybersecurity domain, enabling the scalable construction of high-quality training data and providing a strong foundation for cybersecurity knowledge and understanding. Building on this foundation, we establish a complete training pipeline spanning continued pre-training (CPT), supervised fine-tuning (SFT), and reinforcement learning (RL) to further extend the model's capabilities. We further introduce a multi-dimensional evaluation system to guide the iterative improvement of both domain-specific and general-purpose abilities. Extensive experiments demonstrate that XekRung achieves state-of-the-art performance on cybersecurity-specific benchmarks among models of the same scale, while maintaining strong performance on general benchmarks."
32,2026-04-28,2604.25719,Step-Audio-R1.5 Technical Report,https://arxiv.org/abs/2604.25719v2,title Technical Report,post-training/alignment,28,eess.AS,audio_speech_training;technical_report_llm,"Recent advancements in large audio language models have extended Chain-of-Thought (CoT) reasoning into the auditory domain, enabling models to tackle increasingly complex acoustic and spoken tasks. To elicit and sustain these extended reasoning chains, the prevailing paradigm -- driven by the success of text-based reasoning models -- overwhelmingly relies on Reinforcement Learning with Verified Rewards (RLVR). However, as models are strictly optimized to distill rich, continuous auditory contexts into isolated, verifiable text labels, a fundamental question arises: are we fostering true audio intelligence, or merely reducing a continuous sensory medium into a discrete puzzle? We identify this as the ""verifiable reward trap."" While RLVR yields remarkable scores on standardized objective benchmarks, it systematically degrades the real-world conversational feel of audio models. By prioritizing isolated correctness over acoustic nuance, RLVR reduces dynamic interactions to mechanical ""answering machines,"" severely compromising prosodic naturalness, emotional continuity, and user immersion, particularly in long-turn dialogues. To bridge the gap between mechanical objective verification and genuine sensory empathy, we introduce Step-Audio-R1.5, marking a paradigm shift toward Reinforcement Learning from Human Feedback (RLHF) in audio reasoning. Comprehensive evaluations demonstrate that Step-Audio-R1.5 not only maintains robust analytical reasoning but profoundly transforms the interactive experience, redefining the boundaries of deeply immersive long-turn spoken dialogue."
33,2026-04-27,2604.24432,Kwai Summary Attention Technical Report,https://arxiv.org/abs/2604.24432v1,title Technical Report,LLM/foundation model training,27,cs.CL;cs.AI;cs.IR;cs.LG,technical_report_llm,"Long-context ability, has become one of the most important iteration direction of next-generation Large Language Models, particularly in semantic understanding/reasoning, code agentic intelligence and recommendation system. However, the standard softmax attention exhibits quadratic time complexity with respect to sequence length. As the sequence length increases, this incurs substantial overhead in long-context settings, leading the training and inference costs of extremely long sequences deteriorate rapidly. Existing solutions mitigate this issue through two technique routings: i) Reducing the KV cache per layer, such as from the head-level compression GQA, and the embedding dimension-level compression MLA, but the KV cache remains linearly dependent on the sequence length at a 1:1 ratio. ii) Interleaving with KV Cache friendly architecture, such as local attention SWA, linear kernel GDN, but often involve trade-offs among KV Cache and long-context modeling effectiveness. Besides the two technique routings, we argue that there exists an intermediate path not well explored: {Maintaining a linear relationship between the KV cache and sequence length, but performing semantic-level compression through a specific ratio $k$}. This $O(n/k)$ path does not pursue a ``minimum KV cache'', but rather trades acceptable memory costs for complete, referential, and interpretable retention of long distant dependency. Motivated by this, we propose Kwai Summary Attention (KSA), a novel attention mechanism that reduces sequence modeling cost by compressing historical contexts into learnable summary tokens."
34,2026-04-21,2604.19324,PLaMo 2.1-VL Technical Report,https://arxiv.org/abs/2604.19324v1,title Technical Report,post-training/alignment,28,cs.CV;cs.AI,technical_report_llm,"We introduce PLaMo 2.1-VL, a lightweight Vision Language Model (VLM) for autonomous devices, available in 8B and 2B variants and designed for local and edge deployment with Japanese-language operation. Focusing on Visual Question Answering (VQA) and Visual Grounding as its core capabilities, we develop and evaluate the models for two real-world application scenarios: factory task analysis via tool recognition, and infrastructure anomaly detection. We also develop a large-scale synthetic data generation pipeline and comprehensive Japanese training and evaluation resources. PLaMo 2.1-VL outperforms comparable open models on Japanese and English benchmarks, achieving 61.5 ROUGE-L on JA-VG-VQA-500 and 85.2% accuracy on Japanese Ref-L4. For the two application scenarios, it achieves 53.9% zero-shot accuracy on factory task analysis, and fine-tuning on power plant data improves anomaly detection bbox + label F1-score from 39.7 to 64.9."
35,2026-04-19,2604.17543,PoliLegalLM: A Technical Report on a Large Language Model for Political and Legal Affairs,https://arxiv.org/abs/2604.17543v1,title Technical Report,post-training/alignment,39,cs.CL,technical_report_llm,"Large language models (LLMs) have achieved remarkable success in general-domain tasks, yet their direct application to the legal domain remains challenging due to hallucinated legal citations, incomplete knowledge coverage, and weak structured reasoning. To address these issues, we propose PoliLegalLM, a domain-specific large language model tailored for political and legal applications. Our approach adopts a unified training framework that integrates continued pretraining, progressive supervised fine-tuning, and preference-based reinforcement learning to jointly enhance legal knowledge grounding, task alignment, and reasoning capability. We construct a large-scale, high-quality legal corpus and design a structured post-training pipeline, enabling the model to effectively learn domain-specific knowledge and adapt to diverse legal tasks. We evaluate PoliLegalLM on three representative benchmarks, including LawBench, LexEval, and a real-world dataset, PoliLegal. Experimental results demonstrate that PoliLegalLM achieves strong and consistent performance, outperforming competitive models of similar scale and remaining highly competitive with significantly larger models, while achieving the best results on real-world legal scenarios. These results highlight the effectiveness of our training paradigm and the practical value of domain-specific LLMs for real-world legal applications."
36,2026-04-19,2604.17429,Jupiter-N Technical Report,https://arxiv.org/abs/2604.17429v1,title Technical Report,post-training/alignment,41,cs.CL;cs.AI,technical_report_llm,"We present Jupiter-N, a hybrid reasoning model post-trained from Nemotron 3 Super, a fully open-source 120 billion parameter LLM. We target three objectives: (1) agentic capability via uncertainty-curated trajectories; (2) UK cultural alignment via synthetic data grounded in cultural norms; and (3) Welsh language support via parallel corpora and LLM-translated Welsh conversations. Our data curation strategy carefully preserves the base model's capabilities: using our Forget-Me-Not framework, we mix on-policy synthetic replay with off-policy task data to mitigate catastrophic forgetting, and include a mixture of reasoning and non-reasoning traces to maintain Nemotron's hybrid reasoning ability. Jupiter-N achieves standout gains over Nemotron in Welsh (+18 on ARC-Easy, +5.25 on MMLU-Lite), terminal-use (+9.1 on Terminal Bench 2) and instruction following (+4.4 on IFBench), while retaining the base model capabilities. We frame this work as a reproducible template for sovereign post-training: substituting cultural knowledge, institutional corpora, and target languages produces an equivalent pipeline for any country. All model weights and all post-training datasets are publicly released under open licences."
